feature_selection;transformer;scaler;classifier;acc;f1;auc;acc-std;f1-std;auc-std
FeatureSelection(categoricals=['city', 'gender', 'relevent_experience', 'enrolled_university', 'education_level', 'major_discipline', 'experience', 'company_size', 'company_type', 'last_new_job'], numericals=['city_development_index', 'training_hours'], target='target');TransformStrategy_OneHotEncoder(handle_unknown='ignore')();MaxAbsScaler();RandomForestClassifier(max_depth=10);0.7697045555731755;0.35158539684493856;0.7978888386051565;0.0023101658168797907;0.036319708730879516;0.004206422852981392
FeatureSelection(categoricals=['city', 'gender', 'relevent_experience', 'enrolled_university', 'education_level', 'major_discipline', 'experience', 'company_size', 'company_type', 'last_new_job'], numericals=['city_development_index', 'training_hours'], target='target');TransformStrategy_OneHotEncoder(handle_unknown='ignore')();MaxAbsScaler();LogisticRegression(max_iter=500);0.7820231230882663;0.4636346130174404;0.7962057425263529;0.007723321019885298;0.010891658330755779;0.0077347722612739625
FeatureSelection(categoricals=['city', 'gender', 'relevent_experience', 'enrolled_university', 'education_level', 'major_discipline', 'experience', 'company_size', 'company_type', 'last_new_job'], numericals=['city_development_index', 'training_hours'], target='target');TransformStrategy_OneHotEncoder(handle_unknown='ignore')();MaxAbsScaler();KNeighborsClassifier(n_neighbors=10);0.7724709530917158;0.46186483091768116;0.7707253393655289;0.006765493855112406;0.008910013832653208;0.0074963155027179
FeatureSelection(categoricals=['city', 'gender', 'relevent_experience', 'enrolled_university', 'education_level', 'major_discipline', 'experience', 'company_size', 'company_type', 'last_new_job'], numericals=['city_development_index', 'training_hours'], target='target');TransformStrategy_OneHotEncoder(handle_unknown='ignore')();MaxAbsScaler();LGBMClassifier();0.7963770449726411;0.5902380511778285;0.8008546554932396;0.005747983993908631;0.00799775537403373;0.0049158646029822586
FeatureSelection(categoricals=['city', 'gender', 'relevent_experience', 'enrolled_university', 'education_level', 'major_discipline', 'experience', 'company_size', 'company_type', 'last_new_job'], numericals=['city_development_index', 'training_hours'], target='target');TransformStrategy_OrdinalEncoder(handle_unknown='use_encoded_value', unknown_value=-1)();MaxAbsScaler();RandomForestClassifier(max_depth=10);0.794602269476183;0.5787426472217108;0.8024537093849421;0.00777400718712072;0.008865835115198631;0.003162658728759875
FeatureSelection(categoricals=['city', 'gender', 'relevent_experience', 'enrolled_university', 'education_level', 'major_discipline', 'experience', 'company_size', 'company_type', 'last_new_job'], numericals=['city_development_index', 'training_hours'], target='target');TransformStrategy_OrdinalEncoder(handle_unknown='use_encoded_value', unknown_value=-1)();MaxAbsScaler();LogisticRegression(max_iter=500);0.768347411976465;0.36339129295835426;0.7650495289243882;0.005206613197809269;0.013054153592933063;0.007088459580222012
FeatureSelection(categoricals=['city', 'gender', 'relevent_experience', 'enrolled_university', 'education_level', 'major_discipline', 'experience', 'company_size', 'company_type', 'last_new_job'], numericals=['city_development_index', 'training_hours'], target='target');TransformStrategy_OrdinalEncoder(handle_unknown='use_encoded_value', unknown_value=-1)();MaxAbsScaler();KNeighborsClassifier(n_neighbors=10);0.7618748191465187;0.3609615536962498;0.7364918996877052;0.0028625051067818533;0.011418783422150957;0.005290233157483855
FeatureSelection(categoricals=['city', 'gender', 'relevent_experience', 'enrolled_university', 'education_level', 'major_discipline', 'experience', 'company_size', 'company_type', 'last_new_job'], numericals=['city_development_index', 'training_hours'], target='target');TransformStrategy_OrdinalEncoder(handle_unknown='use_encoded_value', unknown_value=-1)();MaxAbsScaler();LGBMClassifier();0.7952286696431539;0.588551670828971;0.798495172652171;0.005548015081102638;0.006460708596635402;0.006105330266623267
FeatureSelection(categoricals=['city', 'gender', 'relevent_experience', 'enrolled_university', 'education_level', 'major_discipline', 'experience', 'company_size', 'company_type', 'last_new_job'], numericals=['city_development_index', 'training_hours'], target='target');TFEmbeddingWrapper_SingleStrategy();MaxAbsScaler();RandomForestClassifier(max_depth=10);0.7955419991509763;0.5863215686263479;0.7993636954289853;0.005825791827973954;0.006233552825760186;0.006883402636234988
FeatureSelection(categoricals=['city', 'gender', 'relevent_experience', 'enrolled_university', 'education_level', 'major_discipline', 'experience', 'company_size', 'company_type', 'last_new_job'], numericals=['city_development_index', 'training_hours'], target='target');TFEmbeddingWrapper_SingleStrategy();MaxAbsScaler();LogisticRegression(max_iter=500);0.7808746251462495;0.4541712871934244;0.7965508595939562;0.0076688650527979045;0.01458899190187812;0.00855368649835566
FeatureSelection(categoricals=['city', 'gender', 'relevent_experience', 'enrolled_university', 'education_level', 'major_discipline', 'experience', 'company_size', 'company_type', 'last_new_job'], numericals=['city_development_index', 'training_hours'], target='target');TFEmbeddingWrapper_SingleStrategy();MaxAbsScaler();KNeighborsClassifier(n_neighbors=10);0.7726272976906884;0.44740557848081436;0.7713465776103154;0.004549675920780819;0.012113527455970618;0.0045389004161628405
FeatureSelection(categoricals=['city', 'gender', 'relevent_experience', 'enrolled_university', 'education_level', 'major_discipline', 'experience', 'company_size', 'company_type', 'last_new_job'], numericals=['city_development_index', 'training_hours'], target='target');TFEmbeddingWrapper_SingleStrategy();MaxAbsScaler();LGBMClassifier();0.7942368841376988;0.5905495263215803;0.7968381691486617;0.00696967771615561;0.007044642290374068;0.0061892145070626455
FeatureSelection(categoricals=['city', 'gender', 'relevent_experience', 'enrolled_university', 'education_level', 'major_discipline', 'experience', 'company_size', 'company_type', 'last_new_job'], numericals=['city_development_index', 'training_hours'], target='target');TFEmbeddingWrapper_SingleStrategy();MaxAbsScaler();DNN;0.7576990587172332;0.14205394627512266;0.7979063291842065;0.00326478372940616;0.029931593818216917;0.008241065432231963
FeatureSelection(categoricals=['city', 'gender', 'relevent_experience', 'enrolled_university', 'education_level', 'major_discipline', 'experience', 'company_size', 'company_type', 'last_new_job'], numericals=['city_development_index', 'training_hours'], target='target');TFEmbeddingWrapper_Max2Strategy();MaxAbsScaler();RandomForestClassifier(max_depth=10);0.7952287513848405;0.5836772730697583;0.7996823203825457;0.006049558815867238;0.004783317316764218;0.005488917884779009
FeatureSelection(categoricals=['city', 'gender', 'relevent_experience', 'enrolled_university', 'education_level', 'major_discipline', 'experience', 'company_size', 'company_type', 'last_new_job'], numericals=['city_development_index', 'training_hours'], target='target');TFEmbeddingWrapper_Max2Strategy();MaxAbsScaler();LogisticRegression(max_iter=500);0.7832238539679321;0.4635135263685569;0.7968270046887187;0.007280103777030413;0.014661662130702365;0.007853837122245527
FeatureSelection(categoricals=['city', 'gender', 'relevent_experience', 'enrolled_university', 'education_level', 'major_discipline', 'experience', 'company_size', 'company_type', 'last_new_job'], numericals=['city_development_index', 'training_hours'], target='target');TFEmbeddingWrapper_Max2Strategy();MaxAbsScaler();KNeighborsClassifier(n_neighbors=10);0.7739325761873389;0.449354775316157;0.7668092882170845;0.00402317430845804;0.00874708939560934;0.004613547548744853
FeatureSelection(categoricals=['city', 'gender', 'relevent_experience', 'enrolled_university', 'education_level', 'major_discipline', 'experience', 'company_size', 'company_type', 'last_new_job'], numericals=['city_development_index', 'training_hours'], target='target');TFEmbeddingWrapper_Max2Strategy();MaxAbsScaler();LGBMClassifier();0.7946024057123271;0.5913490874021367;0.7949098833207768;0.00879232246392121;0.012066369772808927;0.005739679559559818
FeatureSelection(categoricals=['city', 'gender', 'relevent_experience', 'enrolled_university', 'education_level', 'major_discipline', 'experience', 'company_size', 'company_type', 'last_new_job'], numericals=['city_development_index', 'training_hours'], target='target');TFEmbeddingWrapper_Max2Strategy();MaxAbsScaler();DNN;0.7571768792005009;0.13664150908405776;0.7984342029578675;0.005662711035248298;0.05530077158042923;0.0074940465452862344
FeatureSelection(categoricals=['city', 'gender', 'relevent_experience', 'enrolled_university', 'education_level', 'major_discipline', 'experience', 'company_size', 'company_type', 'last_new_job'], numericals=['city_development_index', 'training_hours'], target='target');TFEmbeddingWrapper_Max50Strategy();MaxAbsScaler();RandomForestClassifier(max_depth=10);0.7953852867144148;0.5885606945673569;0.799053662583492;0.007204136033219089;0.007014347825268391;0.004771181230429278
FeatureSelection(categoricals=['city', 'gender', 'relevent_experience', 'enrolled_university', 'education_level', 'major_discipline', 'experience', 'company_size', 'company_type', 'last_new_job'], numericals=['city_development_index', 'training_hours'], target='target');TFEmbeddingWrapper_Max50Strategy();MaxAbsScaler();LogisticRegression(max_iter=500);0.7812924614002134;0.4642225998262316;0.794290334276088;0.0065644267854235655;0.009908850400593658;0.007653422741453438
FeatureSelection(categoricals=['city', 'gender', 'relevent_experience', 'enrolled_university', 'education_level', 'major_discipline', 'experience', 'company_size', 'company_type', 'last_new_job'], numericals=['city_development_index', 'training_hours'], target='target');TFEmbeddingWrapper_Max50Strategy();MaxAbsScaler();KNeighborsClassifier(n_neighbors=10);0.7781605150598158;0.4798912091321257;0.7781133164431733;0.006287424243275072;0.009999957392170888;0.003336568984254132
FeatureSelection(categoricals=['city', 'gender', 'relevent_experience', 'enrolled_university', 'education_level', 'major_discipline', 'experience', 'company_size', 'company_type', 'last_new_job'], numericals=['city_development_index', 'training_hours'], target='target');TFEmbeddingWrapper_Max50Strategy();MaxAbsScaler();LGBMClassifier();0.7936108654319313;0.5831742001249125;0.7950493707094468;0.008678967069459873;0.013094524784550525;0.004723016494129253
FeatureSelection(categoricals=['city', 'gender', 'relevent_experience', 'enrolled_university', 'education_level', 'major_discipline', 'experience', 'company_size', 'company_type', 'last_new_job'], numericals=['city_development_index', 'training_hours'], target='target');TFEmbeddingWrapper_Max50Strategy();MaxAbsScaler();DNN;0.7560285992363147;0.11999438625992236;0.7980463791706958;0.004317389594032324;0.03722337879678485;0.006282079669752288
FeatureSelection(categoricals=['city', 'gender', 'relevent_experience', 'enrolled_university', 'education_level', 'major_discipline', 'experience', 'company_size', 'company_type', 'last_new_job'], numericals=['city_development_index', 'training_hours'], target='target');MeanTargetEncoder(alpha=5);MaxAbsScaler();RandomForestClassifier(max_depth=10);0.7977341068276651;0.5922061657151252;0.8033183292666581;0.007863965663334877;0.009042062365057708;0.00546553635313814
FeatureSelection(categoricals=['city', 'gender', 'relevent_experience', 'enrolled_university', 'education_level', 'major_discipline', 'experience', 'company_size', 'company_type', 'last_new_job'], numericals=['city_development_index', 'training_hours'], target='target');MeanTargetEncoder(alpha=5);MaxAbsScaler();LogisticRegression(max_iter=500);0.7783169686477036;0.4418719515731893;0.7915724858226523;0.00542291525101504;0.007510603288297728;0.009388944047153144
FeatureSelection(categoricals=['city', 'gender', 'relevent_experience', 'enrolled_university', 'education_level', 'major_discipline', 'experience', 'company_size', 'company_type', 'last_new_job'], numericals=['city_development_index', 'training_hours'], target='target');MeanTargetEncoder(alpha=5);MaxAbsScaler();KNeighborsClassifier(n_neighbors=10);0.7763335066257087;0.4738537375619572;0.7776631357464426;0.006869554760760796;0.01125544710601687;0.005682555735956603
FeatureSelection(categoricals=['city', 'gender', 'relevent_experience', 'enrolled_university', 'education_level', 'major_discipline', 'experience', 'company_size', 'company_type', 'last_new_job'], numericals=['city_development_index', 'training_hours'], target='target');MeanTargetEncoder(alpha=5);MaxAbsScaler();LGBMClassifier();0.793401770197962;0.5836380393967339;0.7978831014408397;0.009122510905315084;0.01210273636051148;0.004634957538042204
